#项目配置,,,,,,,,,,,,,,,,,,,,,,,,,,,,,,,,
#编号,名称,项目描述,升级后编号,升级消耗,等级(关联进阶),默认栏位数量,升级描述,初始速度,收获金钱,最大速度,所需点数,耐久值,耐久消耗基础,工位消耗耐久,最短收获时间(秒),收获系数(除）,主属性,锻炼属性,锻炼速度,吃卡万分比,栏位上限,图标资源,动画图标资源,目标类型(make=装备打造，sell=道具出售，quest=任务，skill=技能，feat=特长 work=打工 workn=新打工(随时收益) heal=治疗，mercenary=招募 mercenaryn=新招募（消耗材料） composexp=经验修炼 composequality=品质修炼 composeskill=经验修炼 training=属性锻炼所 battlepk＝竞技大厅 ranking＝排行榜),项目是否有进度,是否需要目标,工位是否有进度,是否允许放置好友佣兵,点击项目飘窗提示,完成时点击项目提示,完成时点击工位提示,收获佣兵
#!id,name,desc,next_id,next_cost,lv,pos_num,lvup_desc,defaultspeed,bonus_gold,maxspeed,pointmax,worn_max,worn_base,worn_position,bonus_time,bonus_para,mainattribute,trainattribute,trainspeed,composerate,pos_max,resources,spine_icon,target_type,ishaveprogress,isneedtarget,ispositionprogress,isallowfriend,proj_tip,finish_tip,finish_pos_tip,bonus_mercenary
#!int,string,string,string,int,int,int,string,int,int,int,int,int,int,int,int,int,string,string,int,int,int,string,string,string,int,int,int,int,string,string,string,string
1,讨伐,进行魔物讨伐,,,,3,,,,,,,,,,,,,,,3,任务所LV5,,battle,,1,,1,,,,
2,修炼所,,,,,,,,,,,,,,,,,,,,,经验所-星星,,,,,,,,,,
3,必杀修炼,提升指定佣兵的必杀,,,1,,,,,,,,,,,,,,,10000,,经验所SKILL,Animations/Spine/FloorProject/必杀/skeleton_SkeletonData,composeskill,,,,,,,,
4,品质修炼,提升指定佣兵的品质,,,1,,,,,,,,,,,,,,,10000,,经验所-星星,Animations/Spine/FloorProject/品质/skeleton_SkeletonData,composequality,,,,,,,,
5,经验修炼,传授经验给指定佣兵,,,1,,,,,,,,,,,,,,,10000,,经验所EXP,Animations/Spine/FloorProject/经验/skeleton_SkeletonData,composexp,,,,,,,,
6,竞技大厅,与其他玩家竞技,,,,3,,,,,,,,,,,,,,,3,竞技大厅,,battlepk,,,,,,,,
7,传说大厅,排行榜,,,,,,,,,,,,,,,,,,,,传说大厅,,ranking,,,,,,,,
8,传授特长,1点/秒（学习速度）,,,,1,,1,,,,,,,,,,,,,1,传授特性,,feat,,1,1,,请放入佣兵，开始学习特长,%mercenary%习得%target%特长,%mercenary%习得%target%特长,
9,传授必杀,1点/秒（学习速度）,,,,1,,1,,,,,,,,,,,,,1,传授技能,,skill,,1,1,,请放入佣兵，开始学习必杀,%mercenary%习得%target%必杀,%mercenary%习得%target%必杀,
10,招募,招募新佣兵,11,10000,1,1,建筑可升级！\n\n工作力上限：50->100\n当前工位：1 -> 2\n升级后有概率招募到更高品质的佣兵,,,50,360000,,,,,,charm,,,,3,佣兵的任务通用奖励,,mercenary,1,,,1,请放入佣兵,,,4:7032:1:1000|4:7033:1:1000|4:5020:1:1000|4:5021:1:1000|4:3011:1:1000|4:3012:1:1000|4:1034:1:1000|4:1035:1:1000
11,招募,招募新佣兵,12,20000,2,2,建筑可升级！\n\n工作力上限：100->150\n升级后有概率招募到更高品质的佣兵,,,100,360000,,,,,,charm,,,,3,佣兵的任务通用奖励,,mercenary,1,,,1,请放入佣兵,,,4:7031:1:1000|4:7032:1:1000|4:7033:1:1000|4:5019:1:1000|4:5020:1:1000|4:5021:1:1000|4:3010:1:1000|4:3011:1:1000|4:3012:1:1000|4:1033:1:1000|4:1034:1:1000|4:1035:1:1000
12,招募,招募新佣兵,13,40000,3,2,建筑可升级！\n\n工作力上限：150->200\n当前工位：2 -> 3\n升级后有概率招募到更高品质的佣兵,,,120,360000,,,,,,charm,,,,3,佣兵的任务通用奖励,,mercenary,1,,,1,请放入佣兵,,,4:7028:1:1000|4:7031:1:1000|4:7032:1:1000|4:7033:1:1000|4:5011:1:1000|4:5019:1:1000|4:5020:1:1000|4:5021:1:1000|4:3009:1:1000|4:3010:1:1000|4:3011:1:1000|4:3012:1:1000|4:1032:1:1000|4:1033:1:1000|4:1034:1:1000|4:1035:1:1000
13,招募,招募新佣兵,14,80000,4,3,建筑可升级！\n\n工作力上限：200->250\n升级后有概率招募到更高品质的佣兵,,,180,360000,,,,,,charm,,,,3,佣兵的任务通用奖励,,mercenary,1,,,1,请放入佣兵,,,4:7018:1:1000|4:7028:1:1000|4:7031:1:1000|4:7032:1:1000|4:7033:1:1000|4:5001:1:1000|4:5011:1:1000|4:5019:1:1000|4:5020:1:1000|4:5021:1:1000|4:3008:1:1000|4:3009:1:1000|4:3010:1:1000|4:3011:1:1000|4:3012:1:1000|4:1031:1:1000|4:1032:1:1000|4:1033:1:1000|4:1034:1:1000|4:1035:1:1000
14,招募,招募新佣兵,,,5,3,,,,240,360000,,,,,,charm,,,,3,佣兵的任务通用奖励,,mercenary,1,,,1,请放入佣兵,,,4:7002:1:1000|4:7018:1:1000|4:7028:1:1000|4:7031:1:1000|4:7032:1:1000|4:7033:1:1000|4:5000:1:1000|4:5001:1:1000|4:5011:1:1000|4:5019:1:1000|4:5020:1:1000|4:5021:1:1000|4:3000:1:1000|4:3008:1:1000|4:3009:1:1000|4:3010:1:1000|4:3011:1:1000|4:3012:1:1000|4:1001:1:1000|4:1031:1:1000|4:1032:1:1000|4:1033:1:1000|4:1034:1:1000|4:1035:1:1000
15,医疗,每秒恢复1点HP,16,5000,1,1,建筑可升级！\n\n恢复速度：1 -> 2,1,,,,,,,,,,,,,3,教堂LV1,,heal,,,1,1,请放入佣兵,请点击佣兵，完成治疗,%mercenary%完全恢复了～,
16,医疗,每秒恢复1点HP,17,10000,2,1,建筑可升级！\n\n恢复栏位：1 -> 2,2,,,,,,,,,,,,,3,教堂LV2,,heal,,,1,1,请放入佣兵,请点击佣兵，完成治疗,%mercenary%完全恢复了～,
17,医疗,每秒恢复2点HP,18,20000,3,2,建筑可升级！\n\n恢复速度：2 -> 3,2,,,,,,,,,,,,,3,教堂LV3,,heal,,,1,1,请放入佣兵,请点击佣兵，完成治疗,%mercenary%完全恢复了～,
18,医疗,每秒恢复2点HP,19,40000,4,2,建筑可升级！\n\n恢复栏位：2 -> 3,3,,,,,,,,,,,,,3,教堂LV4,,heal,,,1,1,请放入佣兵,请点击佣兵，完成治疗,%mercenary%完全恢复了～,
19,医疗,每秒恢复3点HP,,,5,3,,3,,,,,,,,,,,,,3,教堂LV5,,heal,,,1,1,请放入佣兵,请点击佣兵，完成治疗,%mercenary%完全恢复了～,
20,烤肉,120金币/次,21,10000,1,1,建筑可升级！\n\n工作力上限：30 -> 85\n当前工位：1 -> 2,,1,50,,7200,1,,10,120,strength,,,,3,烤肉LV1,,workn,1,,,1,请放入佣兵,,,
21,烤肉,380金币/次,22,20000,2,2,建筑可升级！\n\n工作力上限：85 -> 110,,1,100,,7200,1,,10,120,strength,,,,3,烤肉LV2,,workn,1,,,1,请放入佣兵,,,
22,烤肉,620金币/次,23,40000,3,2,建筑可升级！\n\n工作力上限：110 -> 200\n当前工位：2 -> 3,,1,120,,7200,1,,10,120,strength,,,,3,烤肉LV3,,workn,1,,,1,请放入佣兵,,,
23,烤肉,1410金币/次,24,80000,4,3,建筑可升级！\n\n工作力上限：200 -> 240,,1,180,,7200,1,,10,120,strength,,,,3,烤肉LV4,,workn,1,,,1,请放入佣兵,,,
24,烤肉,2110金币/次,,,5,3,,,1,240,,7200,1,,10,120,strength,,,,3,烤肉LV5,,workn,1,,,1,请放入佣兵,,,
25,烘培,400金币/次,26,10000,1,1,建筑可升级！\n\n工作力上限：30 -> 85\n当前工位：1 -> 2,,1,50,,7200,1,,10,120,agile,,,,3,食品店LV1,,workn,1,,,1,请放入佣兵,,,
26,烘培,1390金币/次,27,20000,2,2,建筑可升级！\n\n工作力上限：85 -> 110,,1,100,,7200,1,,10,120,agile,,,,3,食品店LV2,,workn,1,,,1,请放入佣兵,,,
27,烘培,2270金币/次,28,40000,3,2,建筑可升级！\n\n工作力上限：110 -> 200\n当前工位：2 -> 3,,1,120,,7200,1,,10,120,agile,,,,3,食品店LV3,,workn,1,,,1,请放入佣兵,,,
28,烘培,5190金币/次,29,80000,4,3,建筑可升级！\n\n工作力上限：200 -> 240,,1,180,,7200,1,,10,120,agile,,,,3,食品店LV4,,workn,1,,,1,请放入佣兵,,,
29,烘培,7740金币/次,,,5,3,,,1,240,,7200,1,,10,120,agile,,,,3,食品店LV5,,workn,1,,,1,请放入佣兵,,,
30,调酒,2160金币/次,31,10000,1,1,建筑可升级！\n\n工作力上限：30 -> 85\n当前工位：1 -> 2,,1,50,,7200,1,,10,120,charm,,,,3,酒馆LV1,,workn,1,,,1,请放入佣兵,,,
31,调酒,7560金币/次,32,20000,2,2,建筑可升级！\n\n工作力上限：85 -> 110,,1,100,,7200,1,,10,120,charm,,,,3,酒馆LV2,,workn,1,,,1,请放入佣兵,,,
32,调酒,12380金币/次,33,40000,3,2,建筑可升级！\n\n工作力上限：110 -> 200\n当前工位：2 -> 3,,1,120,,7200,1,,10,120,charm,,,,3,酒馆LV3,,workn,1,,,1,请放入佣兵,,,
33,调酒,28270金币/次,34,80000,4,3,建筑可升级！\n\n工作力上限：200 -> 240,,1,180,,7200,1,,10,120,charm,,,,3,酒馆LV4,,workn,1,,,1,请放入佣兵,,,
34,调酒,42190金币/次,,,5,3,,,1,240,,7200,1,,10,120,charm,,,,3,酒馆LV5,,workn,1,,,1,请放入佣兵,,,
35,冲调,5400金币/次,36,10000,1,1,建筑可升级！\n\n工作力上限：30 -> 85\n当前工位：1 -> 2,,1,50,,7200,1,,10,120,intelligence,,,,3,饮品LV1,,workn,1,,,1,请放入佣兵,,,
36,冲调,18900金币/次,37,20000,2,2,建筑可升级！\n\n工作力上限：85 -> 110,,1,100,,7200,1,,10,120,intelligence,,,,3,饮品LV2,,workn,1,,,1,请放入佣兵,,,
37,冲调,30940金币/次,38,40000,3,2,建筑可升级！\n\n工作力上限：110 -> 200\n当前工位：2 -> 3,,1,120,,7200,1,,10,120,intelligence,,,,3,饮品LV3,,workn,1,,,1,请放入佣兵,,,
38,冲调,70670金币/次,39,80000,4,3,建筑可升级！\n\n工作力上限：200 -> 240,,1,180,,7200,1,,10,120,intelligence,,,,3,饮品LV4,,workn,1,,,1,请放入佣兵,,,
39,冲调,105470金币/次,,,5,3,,,1,240,,7200,1,,10,120,intelligence,,,,3,饮品LV5,,workn,1,,,1,请放入佣兵,,,
40,锻炼力量,每秒增加1点力量经验,41,10000,1,1,建筑可升级！\n\n锻炼栏位：1 -> 2,,,,,,,,,,,strength,1,,3,项目_力量1,,training,,,1,,请放入佣兵进行锻炼,请点击佣兵完成锻炼,,
41,锻炼力量,每秒增加1点力量经验,42,20000,2,2,建筑可升级！\n\n锻炼速度：3 -> 4,,,,,,,,,,,strength,1,,3,项目_力量1,,training,,,1,,请放入佣兵进行锻炼,请点击佣兵完成锻炼,,
42,锻炼力量,每秒增加2点力量经验,43,40000,3,2,建筑可升级！\n\n锻炼栏位：2 -> 3,,,,,,,,,,,strength,2,,3,项目_力量1,,training,,,1,,请放入佣兵进行锻炼,请点击佣兵完成锻炼,,
43,锻炼力量,每秒增加2点力量经验,44,80000,4,3,建筑可升级！\n\n锻炼速度：4 -> 5,,,,,,,,,,,strength,2,,3,项目_力量2,,training,,,1,,请放入佣兵进行锻炼,请点击佣兵完成锻炼,,
44,锻炼力量,每秒增加3点力量经验,,,5,3,,,,,,,,,,,,strength,3,,3,项目_力量2,,training,,,1,,请放入佣兵进行锻炼,请点击佣兵完成锻炼,,
45,锻炼敏捷,每秒增加1点敏捷经验,46,10000,1,1,建筑可升级！\n\n锻炼栏位：1 -> 2,,,,,,,,,,,agile,1,,3,项目_敏捷1,,training,,,1,,请放入佣兵进行锻炼,请点击佣兵完成锻炼,,
46,锻炼敏捷,每秒增加1点敏捷经验,47,20000,2,2,建筑可升级！\n\n锻炼速度：3 -> 4,,,,,,,,,,,agile,1,,3,项目_敏捷1,,training,,,1,,请放入佣兵进行锻炼,请点击佣兵完成锻炼,,
47,锻炼敏捷,每秒增加2点敏捷经验,48,40000,3,2,建筑可升级！\n\n锻炼栏位：2 -> 3,,,,,,,,,,,agile,2,,3,项目_敏捷1,,training,,,1,,请放入佣兵进行锻炼,请点击佣兵完成锻炼,,
48,锻炼敏捷,每秒增加2点敏捷经验,49,80000,4,3,建筑可升级！\n\n锻炼速度：4 -> 5,,,,,,,,,,,agile,2,,3,项目_敏捷2,,training,,,1,,请放入佣兵进行锻炼,请点击佣兵完成锻炼,,
49,锻炼敏捷,每秒增加3点敏捷经验,,,5,3,,,,,,,,,,,,agile,3,,3,项目_敏捷2,,training,,,1,,请放入佣兵进行锻炼,请点击佣兵完成锻炼,,
50,锻炼智力,每秒增加1点智力经验,51,10000,1,1,建筑可升级！\n\n锻炼栏位：1 -> 2,,,,,,,,,,,intelligence,1,,3,项目_智力1,,training,,,1,,请放入佣兵进行锻炼,请点击佣兵完成锻炼,,
51,锻炼智力,每秒增加1点智力经验,52,20000,2,2,建筑可升级！\n\n锻炼速度：3 -> 4,,,,,,,,,,,intelligence,1,,3,项目_智力1,,training,,,1,,请放入佣兵进行锻炼,请点击佣兵完成锻炼,,
52,锻炼智力,每秒增加2点智力经验,53,40000,3,2,建筑可升级！\n\n锻炼栏位：2 -> 3,,,,,,,,,,,intelligence,2,,3,项目_智力1,,training,,,1,,请放入佣兵进行锻炼,请点击佣兵完成锻炼,,
53,锻炼智力,每秒增加2点智力经验,54,80000,4,3,建筑可升级！\n\n锻炼速度：4 -> 5,,,,,,,,,,,intelligence,2,,3,项目_智力2,,training,,,1,,请放入佣兵进行锻炼,请点击佣兵完成锻炼,,
54,锻炼智力,每秒增加3点智力经验,,,5,3,,,,,,,,,,,,intelligence,3,,3,项目_智力2,,training,,,1,,请放入佣兵进行锻炼,请点击佣兵完成锻炼,,
55,锻炼魅力,每秒增加1点魅力经验,56,10000,1,1,建筑可升级！\n\n锻炼栏位：1 -> 2,,,,,,,,,,,charm,1,,3,项目_魅力1,,training,,,1,,请放入佣兵进行锻炼,请点击佣兵完成锻炼,,
56,锻炼魅力,每秒增加1点魅力经验,57,20000,2,2,建筑可升级！\n\n锻炼速度：3 -> 4,,,,,,,,,,,charm,1,,3,项目_魅力1,,training,,,1,,请放入佣兵进行锻炼,请点击佣兵完成锻炼,,
57,锻炼魅力,每秒增加2点魅力经验,58,40000,3,2,建筑可升级！\n\n锻炼栏位：2 -> 3,,,,,,,,,,,charm,2,,3,项目_魅力1,,training,,,1,,请放入佣兵进行锻炼,请点击佣兵完成锻炼,,
58,锻炼魅力,每秒增加2点魅力经验,59,80000,4,3,建筑可升级！\n\n锻炼速度：4 -> 5,,,,,,,,,,,charm,2,,3,项目_魅力2,,training,,,1,,请放入佣兵进行锻炼,请点击佣兵完成锻炼,,
59,锻炼魅力,每秒增加3点魅力经验,,,5,3,,,,,,,,,,,,charm,3,,3,项目_魅力2,,training,,,1,,请放入佣兵进行锻炼,请点击佣兵完成锻炼,,
60,高级治疗,每秒恢复4点HP,61,20000,1,1,建筑可升级！\n\n恢复速度：4 -> 5,4,,,,,,,,,,,,,3,教堂LV1,,heal,,,1,1,请放入佣兵,请点击佣兵，完成治疗,%mercenary%完全恢复了～,
61,高级治疗,每秒恢复5点HP,62,40000,2,1,建筑可升级！\n\n恢复栏位：1 -> 2,5,,,,,,,,,,,,,3,教堂LV2,,heal,,,1,1,请放入佣兵,请点击佣兵，完成治疗,%mercenary%完全恢复了～,
62,高级治疗,每秒恢复5点HP,63,80000,3,2,建筑可升级！\n\n恢复速度：5 -> 6,5,,,,,,,,,,,,,3,教堂LV3,,heal,,,1,1,请放入佣兵,请点击佣兵，完成治疗,%mercenary%完全恢复了～,
63,高级治疗,每秒恢复6点HP,64,160000,4,2,建筑可升级！\n\n恢复栏位：2 -> 3,6,,,,,,,,,,,,,3,教堂LV4,,heal,,,1,1,请放入佣兵,请点击佣兵，完成治疗,%mercenary%完全恢复了～,
64,高级治疗,每秒恢复6点HP,,,5,3,,6,,,,,,,,,,,,,3,教堂LV5,,heal,,,1,1,请放入佣兵,请点击佣兵，完成治疗,%mercenary%完全恢复了～,
1000,召唤大厅,召唤指定佣兵,,,,3,,,,30,5400,,,,,,charm,,,,3,佣兵的任务通用奖励,,mercenaryn,1,1,,1,请放入佣兵,,,
#2000,高级招募,招募新佣兵,3,10000,1,1,建筑可升级！\n\n工作力上限：50->100\n当前工位：1 -> 2\n升级后有概率招募到更高品质的佣兵,,,50,360000,,,,,,charm,,,,3,佣兵的任务通用奖励,,mercenary,1,,,1,请放入佣兵,,,4:7032:1:1000|4:7033:1:1000|4:5020:1:1000|4:5021:1:1000|4:3011:1:1000|4:3012:1:1000|4:1034:1:1000|4:1035:1:1000
#2001,高级招募,招募新佣兵,4,20000,2,2,建筑可升级！\n\n工作力上限：100->150\n升级后有概率招募到更高品质的佣兵,,,100,360000,,,,,,charm,,,,3,佣兵的任务通用奖励,,mercenary,1,,,1,请放入佣兵,,,4:7031:1:1000|4:7032:1:1000|4:7033:1:1000|4:5019:1:1000|4:5020:1:1000|4:5021:1:1000|4:3010:1:1000|4:3011:1:1000|4:3012:1:1000|4:1033:1:1000|4:1034:1:1000|4:1035:1:1000
#2002,高级招募,招募新佣兵,5,40000,3,2,建筑可升级！\n\n工作力上限：150->200\n当前工位：2 -> 3\n升级后有概率招募到更高品质的佣兵,,,120,360000,,,,,,charm,,,,3,佣兵的任务通用奖励,,mercenary,1,,,1,请放入佣兵,,,4:7028:1:1000|4:7031:1:1000|4:7032:1:1000|4:7033:1:1000|4:5011:1:1000|4:5019:1:1000|4:5020:1:1000|4:5021:1:1000|4:3009:1:1000|4:3010:1:1000|4:3011:1:1000|4:3012:1:1000|4:1032:1:1000|4:1033:1:1000|4:1034:1:1000|4:1035:1:1000
#2003,高级招募,招募新佣兵,6,80000,4,3,建筑可升级！\n\n工作力上限：200->250\n升级后有概率招募到更高品质的佣兵,,,180,360000,,,,,,charm,,,,3,佣兵的任务通用奖励,,mercenary,1,,,1,请放入佣兵,,,4:7018:1:1000|4:7028:1:1000|4:7031:1:1000|4:7032:1:1000|4:7033:1:1000|4:5001:1:1000|4:5011:1:1000|4:5019:1:1000|4:5020:1:1000|4:5021:1:1000|4:3008:1:1000|4:3009:1:1000|4:3010:1:1000|4:3011:1:1000|4:3012:1:1000|4:1031:1:1000|4:1032:1:1000|4:1033:1:1000|4:1034:1:1000|4:1035:1:1000
#2004,高级招募,招募新佣兵,,,5,3,,,,240,360000,,,,,,charm,,,,3,佣兵的任务通用奖励,,mercenary,1,,,1,请放入佣兵,,,4:7002:1:1000|4:7018:1:1000|4:7028:1:1000|4:7031:1:1000|4:7032:1:1000|4:7033:1:1000|4:5000:1:1000|4:5001:1:1000|4:5011:1:1000|4:5019:1:1000|4:5020:1:1000|4:5021:1:1000|4:3000:1:1000|4:3008:1:1000|4:3009:1:1000|4:3010:1:1000|4:3011:1:1000|4:3012:1:1000|4:1001:1:1000|4:1031:1:1000|4:1032:1:1000|4:1033:1:1000|4:1034:1:1000|4:1035:1:1000
#2005,烤肉,120金币/次,8,10000,1,1,建筑可升级！\n\n工作力上限：30 -> 85\n当前工位：1 -> 2,,1,50,,7200,1,,10,120,strength,,,,3,烤肉LV1,,workn,1,,,1,请放入佣兵,,,
#2006,烤肉,380金币/次,9,20000,2,2,建筑可升级！\n\n工作力上限：85 -> 110,,1,100,,7200,1,,10,120,strength,,,,3,烤肉LV2,,workn,1,,,1,请放入佣兵,,,
#2007,烤肉,620金币/次,10,40000,3,2,建筑可升级！\n\n工作力上限：110 -> 200\n当前工位：2 -> 3,,1,120,,7200,1,,10,120,strength,,,,3,烤肉LV3,,workn,1,,,1,请放入佣兵,,,
#2008,烤肉,1410金币/次,11,80000,4,3,建筑可升级！\n\n工作力上限：200 -> 240,,1,180,,7200,1,,10,120,strength,,,,3,烤肉LV4,,workn,1,,,1,请放入佣兵,,,
#2009,烤肉,2110金币/次,,,5,3,,,1,240,,7200,1,,10,120,strength,,,,3,烤肉LV5,,workn,1,,,1,请放入佣兵,,,
#2010,烘培,400金币/次,13,10000,1,1,建筑可升级！\n\n工作力上限：30 -> 85\n当前工位：1 -> 2,,1,50,,7200,1,,10,120,agile,,,,3,食品店LV1,,workn,1,,,1,请放入佣兵,,,
#2011,烘培,1390金币/次,14,20000,2,2,建筑可升级！\n\n工作力上限：85 -> 110,,1,100,,7200,1,,10,120,agile,,,,3,食品店LV2,,workn,1,,,1,请放入佣兵,,,
#2012,烘培,2270金币/次,15,40000,3,2,建筑可升级！\n\n工作力上限：110 -> 200\n当前工位：2 -> 3,,1,120,,7200,1,,10,120,agile,,,,3,食品店LV3,,workn,1,,,1,请放入佣兵,,,
#2013,烘培,5190金币/次,16,80000,4,3,建筑可升级！\n\n工作力上限：200 -> 240,,1,180,,7200,1,,10,120,agile,,,,3,食品店LV4,,workn,1,,,1,请放入佣兵,,,
#2014,烘培,7740金币/次,,,5,3,,,1,240,,7200,1,,10,120,agile,,,,3,食品店LV5,,workn,1,,,1,请放入佣兵,,,
#2015,调酒,2160金币/次,18,10000,1,1,建筑可升级！\n\n工作力上限：30 -> 85\n当前工位：1 -> 2,,1,50,,7200,1,,10,120,charm,,,,3,酒馆LV1,,workn,1,,,1,请放入佣兵,,,
#2016,调酒,7560金币/次,19,20000,2,2,建筑可升级！\n\n工作力上限：85 -> 110,,1,100,,7200,1,,10,120,charm,,,,3,酒馆LV2,,workn,1,,,1,请放入佣兵,,,
#2017,调酒,12380金币/次,20,40000,3,2,建筑可升级！\n\n工作力上限：110 -> 200\n当前工位：2 -> 3,,1,120,,7200,1,,10,120,charm,,,,3,酒馆LV3,,workn,1,,,1,请放入佣兵,,,
#2018,调酒,28270金币/次,21,80000,4,3,建筑可升级！\n\n工作力上限：200 -> 240,,1,180,,7200,1,,10,120,charm,,,,3,酒馆LV4,,workn,1,,,1,请放入佣兵,,,
#2019,调酒,42190金币/次,,,5,3,,,1,240,,7200,1,,10,120,charm,,,,3,酒馆LV5,,workn,1,,,1,请放入佣兵,,,
#2020,冲调,5400金币/次,23,10000,1,1,建筑可升级！\n\n工作力上限：30 -> 85\n当前工位：1 -> 2,,1,50,,7200,1,,10,120,intelligence,,,,3,饮品LV1,,workn,1,,,1,请放入佣兵,,,
#2021,冲调,18900金币/次,24,20000,2,2,建筑可升级！\n\n工作力上限：85 -> 110,,1,100,,7200,1,,10,120,intelligence,,,,3,饮品LV2,,workn,1,,,1,请放入佣兵,,,
#2022,冲调,30940金币/次,25,40000,3,2,建筑可升级！\n\n工作力上限：110 -> 200\n当前工位：2 -> 3,,1,120,,7200,1,,10,120,intelligence,,,,3,饮品LV3,,workn,1,,,1,请放入佣兵,,,
#2023,冲调,70670金币/次,26,80000,4,3,建筑可升级！\n\n工作力上限：200 -> 240,,1,180,,7200,1,,10,120,intelligence,,,,3,饮品LV4,,workn,1,,,1,请放入佣兵,,,
#2024,冲调,105470金币/次,,,5,3,,,1,240,,7200,1,,10,120,intelligence,,,,3,饮品LV5,,workn,1,,,1,请放入佣兵,,,
#2025,医疗,每秒恢复1点HP,28,5000,1,1,建筑可升级！\n\n恢复速度：1 -> 2,1,,,,,,,,,,,,,3,教堂LV1,,heal,,,1,1,请放入佣兵,请点击佣兵，完成治疗,%mercenary%完全恢复了～,
#2026,医疗,每秒恢复1点HP,29,10000,2,1,建筑可升级！\n\n恢复栏位：1 -> 2,2,,,,,,,,,,,,,3,教堂LV2,,heal,,,1,1,请放入佣兵,请点击佣兵，完成治疗,%mercenary%完全恢复了～,
#2027,医疗,每秒恢复2点HP,30,20000,3,2,建筑可升级！\n\n恢复速度：2 -> 3,2,,,,,,,,,,,,,3,教堂LV3,,heal,,,1,1,请放入佣兵,请点击佣兵，完成治疗,%mercenary%完全恢复了～,
#2028,医疗,每秒恢复2点HP,31,40000,4,2,建筑可升级！\n\n恢复栏位：2 -> 3,3,,,,,,,,,,,,,3,教堂LV4,,heal,,,1,1,请放入佣兵,请点击佣兵，完成治疗,%mercenary%完全恢复了～,
#2029,医疗,每秒恢复3点HP,,,5,3,,3,,,,,,,,,,,,,3,教堂LV5,,heal,,,1,1,请放入佣兵,请点击佣兵，完成治疗,%mercenary%完全恢复了～,
#2030,传授特长,1点/秒（学习速度）,33,10000,1,1,建筑可升级！\n\n学习栏位：1 -> 2,1,,,,,,,,,,,,,3,传授特性,,feat,,1,1,,请放入佣兵，开始学习特长,%mercenary%习得%target%特长,%mercenary%习得%target%特长,
#2031,传授特长,1点/秒（学习速度）,34,20000,2,2,建筑可升级！\n\n学习速度：1 -> 2,1,,,,,,,,,,,,,3,传授特性2,,feat,,1,1,,请放入佣兵，开始学习特长,%mercenary%习得%target%特长,%mercenary%习得%target%特长,
#2032,传授特长,2点/秒（学习速度）,35,40000,3,2,建筑可升级！\n\n学习栏位：2 -> 3,2,,,,,,,,,,,,,3,传授特性2,,feat,,1,1,,请放入佣兵，开始学习特长,%mercenary%习得%target%特长,%mercenary%习得%target%特长,
#2033,传授特长,2点/秒（学习速度）,36,80000,4,3,建筑可升级！\n\n学习速度：2 -> 3,2,,,,,,,,,,,,,3,传授特性2,,feat,,1,1,,请放入佣兵，开始学习特长,%mercenary%习得%target%特长,%mercenary%习得%target%特长,
#2034,传授特长,3点/秒（学习速度）,,,5,3,,3,,,,,,,,,,,,,3,传授特性2,,feat,,1,1,,请放入佣兵，开始学习特长,%mercenary%习得%target%特长,%mercenary%习得%target%特长,
#2035,传授必杀,1点/秒（学习速度）,38,10000,1,1,建筑可升级！\n\n学习栏位：1 -> 2,1,,,,,,,,,,,,,3,传授技能,,skill,,1,1,,请放入佣兵，开始学习必杀,%mercenary%习得%target%必杀,%mercenary%习得%target%必杀,
#2036,传授必杀,1点/秒（学习速度）,39,20000,2,2,建筑可升级！\n\n学习速度：1 -> 2,1,,,,,,,,,,,,,3,传授技能2,,skill,,1,1,,请放入佣兵，开始学习必杀,%mercenary%习得%target%必杀,%mercenary%习得%target%必杀,
#2037,传授必杀,2点/秒（学习速度）,40,40000,3,2,建筑可升级！\n\n学习栏位：2 -> 3,2,,,,,,,,,,,,,3,传授技能2,,skill,,1,1,,请放入佣兵，开始学习必杀,%mercenary%习得%target%必杀,%mercenary%习得%target%必杀,
#2038,传授必杀,2点/秒（学习速度）,41,80000,4,3,建筑可升级！\n\n学习速度：2 -> 3,2,,,,,,,,,,,,,3,传授技能2,,skill,,1,1,,请放入佣兵，开始学习必杀,%mercenary%习得%target%必杀,%mercenary%习得%target%必杀,
#2039,传授必杀,3点/秒（学习速度）,,,5,3,,3,,,,,,,,,,,,,3,传授技能2,,skill,,1,1,,请放入佣兵，开始学习必杀,%mercenary%习得%target%必杀,%mercenary%习得%target%必杀,
#2040,锻炼力量,每秒增加1点力量经验,46,10000,1,1,建筑可升级！\n\n锻炼栏位：1 -> 2,,,,,,,,,,,strength,1,,3,项目_力量1,,training,,,1,,请放入佣兵进行锻炼,请点击佣兵完成锻炼,,
#2041,锻炼力量,每秒增加1点力量经验,47,20000,2,2,建筑可升级！\n\n锻炼速度：3 -> 4,,,,,,,,,,,strength,1,,3,项目_力量1,,training,,,1,,请放入佣兵进行锻炼,请点击佣兵完成锻炼,,
#2042,锻炼力量,每秒增加2点力量经验,48,40000,3,2,建筑可升级！\n\n锻炼栏位：2 -> 3,,,,,,,,,,,strength,2,,3,项目_力量1,,training,,,1,,请放入佣兵进行锻炼,请点击佣兵完成锻炼,,
#2043,锻炼力量,每秒增加2点力量经验,49,80000,4,3,建筑可升级！\n\n锻炼速度：4 -> 5,,,,,,,,,,,strength,2,,3,项目_力量2,,training,,,1,,请放入佣兵进行锻炼,请点击佣兵完成锻炼,,
#2044,锻炼力量,每秒增加3点力量经验,,,5,3,,,,,,,,,,,,strength,3,,3,项目_力量2,,training,,,1,,请放入佣兵进行锻炼,请点击佣兵完成锻炼,,
#2045,锻炼敏捷,每秒增加1点敏捷经验,51,10000,1,1,建筑可升级！\n\n锻炼栏位：1 -> 2,,,,,,,,,,,agile,1,,3,项目_敏捷1,,training,,,1,,请放入佣兵进行锻炼,请点击佣兵完成锻炼,,
#2046,锻炼敏捷,每秒增加1点敏捷经验,52,20000,2,2,建筑可升级！\n\n锻炼速度：3 -> 4,,,,,,,,,,,agile,1,,3,项目_敏捷1,,training,,,1,,请放入佣兵进行锻炼,请点击佣兵完成锻炼,,
#2047,锻炼敏捷,每秒增加2点敏捷经验,53,40000,3,2,建筑可升级！\n\n锻炼栏位：2 -> 3,,,,,,,,,,,agile,2,,3,项目_敏捷1,,training,,,1,,请放入佣兵进行锻炼,请点击佣兵完成锻炼,,
#2048,锻炼敏捷,每秒增加2点敏捷经验,54,80000,4,3,建筑可升级！\n\n锻炼速度：4 -> 5,,,,,,,,,,,agile,2,,3,项目_敏捷2,,training,,,1,,请放入佣兵进行锻炼,请点击佣兵完成锻炼,,
#2049,锻炼敏捷,每秒增加3点敏捷经验,,,5,3,,,,,,,,,,,,agile,3,,3,项目_敏捷2,,training,,,1,,请放入佣兵进行锻炼,请点击佣兵完成锻炼,,
#2050,锻炼智力,每秒增加1点智力经验,56,10000,1,1,建筑可升级！\n\n锻炼栏位：1 -> 2,,,,,,,,,,,intelligence,1,,3,项目_智力1,,training,,,1,,请放入佣兵进行锻炼,请点击佣兵完成锻炼,,
#2051,锻炼智力,每秒增加1点智力经验,57,20000,2,2,建筑可升级！\n\n锻炼速度：3 -> 4,,,,,,,,,,,intelligence,1,,3,项目_智力1,,training,,,1,,请放入佣兵进行锻炼,请点击佣兵完成锻炼,,
#2052,锻炼智力,每秒增加2点智力经验,58,40000,3,2,建筑可升级！\n\n锻炼栏位：2 -> 3,,,,,,,,,,,intelligence,2,,3,项目_智力1,,training,,,1,,请放入佣兵进行锻炼,请点击佣兵完成锻炼,,
#2053,锻炼智力,每秒增加2点智力经验,59,80000,4,3,建筑可升级！\n\n锻炼速度：4 -> 5,,,,,,,,,,,intelligence,2,,3,项目_智力2,,training,,,1,,请放入佣兵进行锻炼,请点击佣兵完成锻炼,,
#2054,锻炼智力,每秒增加3点智力经验,,,5,3,,,,,,,,,,,,intelligence,3,,3,项目_智力2,,training,,,1,,请放入佣兵进行锻炼,请点击佣兵完成锻炼,,
#2055,锻炼魅力,每秒增加1点魅力经验,61,10000,1,1,建筑可升级！\n\n锻炼栏位：1 -> 2,,,,,,,,,,,charm,1,,3,项目_魅力1,,training,,,1,,请放入佣兵进行锻炼,请点击佣兵完成锻炼,,
#2056,锻炼魅力,每秒增加1点魅力经验,62,20000,2,2,建筑可升级！\n\n锻炼速度：3 -> 4,,,,,,,,,,,charm,1,,3,项目_魅力1,,training,,,1,,请放入佣兵进行锻炼,请点击佣兵完成锻炼,,
#2057,锻炼魅力,每秒增加2点魅力经验,63,40000,3,2,建筑可升级！\n\n锻炼栏位：2 -> 3,,,,,,,,,,,charm,2,,3,项目_魅力1,,training,,,1,,请放入佣兵进行锻炼,请点击佣兵完成锻炼,,
#2058,锻炼魅力,每秒增加2点魅力经验,64,80000,4,3,建筑可升级！\n\n锻炼速度：4 -> 5,,,,,,,,,,,charm,2,,3,项目_魅力2,,training,,,1,,请放入佣兵进行锻炼,请点击佣兵完成锻炼,,
#2059,锻炼魅力,每秒增加3点魅力经验,,,5,3,,,,,,,,,,,,charm,3,,3,项目_魅力2,,training,,,1,,请放入佣兵进行锻炼,请点击佣兵完成锻炼,,
#67,高级烹饪,600金币/次,63,1140,1,1,建筑可升级！\n\n工作力上限：40 -> 95\n收入： 600 -> 1780\n当前工位：1 -> 2,,600,40,12000,,,,,,strength,strength,1,,3,烤肉LV1,,work,1,,,1,请放入佣兵,,,
#68,高级烹饪,1780金币/次,64,6000,2,2,建筑可升级！\n\n工作力上限：95 -> 150\n收入： 1780 -> 3500,,1780,95,28500,,,,,,strength,strength,1,,3,烤肉LV2,,work,1,,,1,请放入佣兵,,,
#69,高级烹饪,3500金币/次,65,15000,3,2,建筑可升级！\n\n工作力上限：150 -> 205\n收入： 3500 -> 6000\n当前工位：2 -> 3,,3500,150,45000,,,,,,strength,strength,1,,3,烤肉LV3,,work,1,,,1,请放入佣兵,,,
#70,高级烹饪,6000金币/次,66,50000,4,3,建筑可升级！\n\n工作力上限：205 -> 260\n收入： 6000 -> 9500,,6000,205,61500,,,,,,strength,strength,1,,3,烤肉LV4,,work,1,,,1,请放入佣兵,,,
#71,高级烹饪,9500金币/次,,,5,3,,,9500,260,78000,,,,,,strength,strength,1,,3,烤肉LV5,,work,1,,,1,请放入佣兵,,,
#72,高级烘培,2760金币/次,68,13800,1,1,建筑可升级！\n\n工作力上限：40 -> 95\n收入： 2760 -> 8200\n当前工位：1 -> 2,,2760,40,55200,,,,,,agile,agile,1,,3,食品店LV1,,work,1,,,1,请放入佣兵,,,
#73,高级烘培,8200金币/次,69,90000,2,2,建筑可升级！\n\n工作力上限：95 -> 150\n收入： 8200 -> 16200,,8200,95,131100,,,,,,agile,agile,1,,3,食品店LV2,,work,1,,,1,请放入佣兵,,,
#74,高级烘培,16200金币/次,70,307000,3,2,建筑可升级！\n\n工作力上限：150 -> 205\n收入： 16200 -> 27600\n当前工位：2 -> 3,,16200,150,207000,,,,,,agile,agile,1,,3,食品店LV3,,work,1,,,1,请放入佣兵,,,
#75,高级烘培,27600金币/次,71,856000,4,3,建筑可升级！\n\n工作力上限：205 -> 260\n收入： 27600 -> 43800,,27600,205,282900,,,,,,agile,agile,1,,3,食品店LV4,,work,1,,,1,请放入佣兵,,,
#76,高级烘培,43800金币/次,,,5,3,,,43800,260,358800,,,,,,agile,agile,1,,3,食品店LV5,,work,1,,,1,请放入佣兵,,,
#77,高级调酒,10800金币/次,73,54000,1,1,建筑可升级！\n\n工作力上限：40 -> 95\n收入： 10800 -> 32000\n当前工位：1 -> 2,,10800,40,216000,,,,,,charm,charm,1,,3,酒馆LV1,,work,1,,,1,请放入佣兵,,,
#78,高级调酒,32000金币/次,74,353000,2,2,建筑可升级！\n\n工作力上限：95 -> 150\n收入： 32000 -> 63000,,32000,95,513000,,,,,,charm,charm,1,,3,酒馆LV2,,work,1,,,1,请放入佣兵,,,
#79,高级调酒,63000金币/次,75,1202000,3,2,建筑可升级！\n\n工作力上限：150 -> 205\n收入： 63000 -> 108100\n当前工位：2 -> 3,,63000,150,810000,,,,,,charm,charm,1,,3,酒馆LV3,,work,1,,,1,请放入佣兵,,,
#80,高级调酒,108100金币/次,76,3351000,4,3,建筑可升级！\n\n工作力上限：205 -> 260\n收入： 108100 -> 171400,,108100,205,1107000,,,,,,charm,charm,1,,3,酒馆LV4,,work,1,,,1,请放入佣兵,,,
#81,高级调酒,171400金币/次,,,5,3,,,171400,260,1404000,,,,,,charm,charm,1,,3,酒馆LV5,,work,1,,,1,请放入佣兵,,,
#82,高级冲调,36000金币/次,78,180000,1,1,建筑可升级！\n\n工作力上限：40 -> 95\n收入： 36000 -> 107000\n当前工位：1 -> 2,,36000,40,720000,,,,,,intelligence,intelligence,1,,3,饮品LV1,,work,1,,,1,请放入佣兵,,,
#83,高级冲调,107000金币/次,79,1176000,2,2,建筑可升级！\n\n工作力上限：95 -> 150\n收入： 107000 -> 211000,,107000,95,1710000,,,,,,intelligence,intelligence,1,,3,饮品LV2,,work,1,,,1,请放入佣兵,,,
#84,高级冲调,211000金币/次,80,4008000,3,2,建筑可升级！\n\n工作力上限：150 -> 205\n收入： 211000 -> 360000\n当前工位：2 -> 3,,211000,150,2700000,,,,,,intelligence,intelligence,1,,3,饮品LV3,,work,1,,,1,请放入佣兵,,,
#85,高级冲调,360000金币/次,81,11171000,4,3,建筑可升级！\n\n工作力上限：205 -> 260\n收入： 360000 -> 571000,,360000,205,3690000,,,,,,intelligence,intelligence,1,,3,饮品LV4,,work,1,,,1,请放入佣兵,,,
#86,高级冲调,571000金币/次,,,5,3,,,571000,260,4680000,,,,,,intelligence,intelligence,1,,3,饮品LV5,,work,1,,,1,请放入佣兵,,,
#87,高级招募,招募新佣兵,83,1140,1,1,建筑可升级！\n\n工作力上限：40 -> 95\n升级后有概率招募到更高品质的佣兵\n当前工位：1 -> 2,,,40,12000,,,,,,charm,charm,,,3,佣兵的任务通用奖励,,mercenary,1,,,1,请放入佣兵,,,
#88,高级招募,招募新佣兵,84,6000,2,2,建筑可升级！\n\n工作力上限：95 -> 150\n升级后有概率招募到更高品质的佣兵,,,95,28500,,,,,,charm,charm,,,3,佣兵的任务通用奖励,,mercenary,1,,,1,请放入佣兵,,,
#89,高级招募,招募新佣兵,85,15000,3,2,建筑可升级！\n\n工作力上限：150 -> 205\n升级后有概率招募到更高品质的佣兵\n当前工位：2 -> 3,,,150,45000,,,,,,charm,charm,,,3,佣兵的任务通用奖励,,mercenary,1,,,1,请放入佣兵,,,
#90,高级招募,招募新佣兵,86,50000,4,3,建筑可升级！\n\n工作力上限：205 -> 260\n升级后有概率招募到更高品质的佣兵,,,205,61500,,,,,,charm,charm,,,3,佣兵的任务通用奖励,,mercenary,1,,,1,请放入佣兵,,,
#91,高级招募,招募新佣兵,,,5,3,,,,260,78000,,,,,,charm,charm,,,3,佣兵的任务通用奖励,,mercenary,1,,,1,请放入佣兵,,,
#97,特级烹饪,3150金币/次,93,3700,1,1,建筑可升级！\n\n工作力上限：50 -> 105\n收入： 3150 -> 8270\n当前工位：1 -> 2,,3150,50,21000,,,,,,strength,strength,1,,3,烤肉LV1,,work,1,,,1,请放入佣兵,,,
#98,特级烹饪,8270金币/次,94,12500,2,2,建筑可升级！\n\n工作力上限：105 -> 165\n收入： 8270 -> 16200,,8270,105,44100,,,,,,strength,strength,1,,3,烤肉LV2,,work,1,,,1,请放入佣兵,,,
#99,特级烹饪,16200金币/次,95,28000,3,2,建筑可升级！\n\n工作力上限：165 -> 220\n收入： 16200 -> 27100\n当前工位：2 -> 3,,16200,165,69300,,,,,,strength,strength,1,,3,烤肉LV3,,work,1,,,1,请放入佣兵,,,
#100,特级烹饪,27100金币/次,96,71000,4,3,建筑可升级！\n\n工作力上限：220 -> 280\n收入： 27100 -> 43100,,27100,220,92400,,,,,,strength,strength,1,,3,烤肉LV4,,work,1,,,1,请放入佣兵,,,
#101,特级烹饪,43100金币/次,,,5,3,,,43100,280,117600,,,,,,strength,strength,1,,3,烤肉LV5,,work,1,,,1,请放入佣兵,,,
#102,特级烘培,21200金币/次,98,106000,1,1,建筑可升级！\n\n工作力上限：50 -> 105\n收入： 21200 -> 55500\n当前工位：1 -> 2,,21200,50,141000,,,,,,agile,agile,1,,3,食品店LV1,,work,1,,,1,请放入佣兵,,,
#103,特级烘培,55500金币/次,99,611000,2,2,建筑可升级！\n\n工作力上限：105 -> 165\n收入： 55500 -> 109100,,55500,105,296100,,,,,,agile,agile,1,,3,食品店LV2,,work,1,,,1,请放入佣兵,,,
#104,特级烘培,109100金币/次,100,2072000,3,2,建筑可升级！\n\n工作力上限：165 -> 220\n收入： 109100 -> 182000\n当前工位：2 -> 3,,109100,165,465300,,,,,,agile,agile,1,,3,食品店LV3,,work,1,,,1,请放入佣兵,,,
#105,特级烘培,182000金币/次,101,5635000,4,3,建筑可升级！\n\n工作力上限：220 -> 280\n收入： 182000 -> 289200,,182000,220,620400,,,,,,agile,agile,1,,3,食品店LV4,,work,1,,,1,请放入佣兵,,,
#106,特级烘培,289200金币/次,,,5,3,,,289200,280,789600,,,,,,agile,agile,1,,3,食品店LV5,,work,1,,,1,请放入佣兵,,,
#107,特级调酒,54000金币/次,103,270000,1,1,建筑可升级！\n\n工作力上限：50 -> 105\n收入： 54000 -> 142000\n当前工位：1 -> 2,,54000,50,360000,,,,,,charm,charm,1,,3,酒馆LV1,,work,1,,,1,请放入佣兵,,,
#108,特级调酒,142000金币/次,104,1560000,2,2,建筑可升级！\n\n工作力上限：105 -> 165\n收入： 142000 -> 278000,,142000,105,756000,,,,,,charm,charm,1,,3,酒馆LV2,,work,1,,,1,请放入佣兵,,,
#109,特级调酒,278000金币/次,105,5300000,3,2,建筑可升级！\n\n工作力上限：165 -> 220\n收入： 278000 -> 464000\n当前工位：2 -> 3,,278000,165,1188000,,,,,,charm,charm,1,,3,酒馆LV3,,work,1,,,1,请放入佣兵,,,
#110,特级调酒,464000金币/次,106,14400000,4,3,建筑可升级！\n\n工作力上限：220 -> 280\n收入： 464000 -> 738000,,464000,220,1584000,,,,,,charm,charm,1,,3,酒馆LV4,,work,1,,,1,请放入佣兵,,,
#111,特级调酒,738000金币/次,,,5,3,,,738000,280,2016000,,,,,,charm,charm,1,,3,酒馆LV5,,work,1,,,1,请放入佣兵,,,
#112,特级冲调,162000金币/次,108,810000,1,1,建筑可升级！\n\n工作力上限：50 -> 105\n收入： 162000 -> 425000\n当前工位：1 -> 2,,162000,50,1080000,,,,,,intelligence,intelligence,1,,3,饮品LV1,,work,1,,,1,请放入佣兵,,,
#113,特级冲调,425000金币/次,109,4680000,2,2,建筑可升级！\n\n工作力上限：105 -> 165\n收入： 425000 -> 835000,,425000,105,2268000,,,,,,intelligence,intelligence,1,,3,饮品LV2,,work,1,,,1,请放入佣兵,,,
#114,特级冲调,835000金币/次,110,16000000,3,2,建筑可升级！\n\n工作力上限：165 -> 220\n收入： 835000 -> 1392000\n当前工位：2 -> 3,,835000,165,3564000,,,,,,intelligence,intelligence,1,,3,饮品LV3,,work,1,,,1,请放入佣兵,,,
#115,特级冲调,1392000金币/次,111,43200000,4,3,建筑可升级！\n\n工作力上限：220 -> 280\n收入： 1392000 -> 2215000,,1392000,220,4752000,,,,,,intelligence,intelligence,1,,3,饮品LV4,,work,1,,,1,请放入佣兵,,,
#116,特级冲调,2215000金币/次,,,5,3,,,2215000,280,6048000,,,,,,intelligence,intelligence,1,,3,饮品LV5,,work,1,,,1,请放入佣兵,,,
#142,特级治疗,每秒恢复5点HP,165,1140,1,1,建筑可升级！\n\n恢复栏位：1 -> 2,5,,,,,,,,,,,,,3,教堂LV1,,heal,,,1,1,请放入佣兵,请点击佣兵，完成治疗,%mercenary%完全恢复了～,
#143,特级治疗,每秒恢复5点HP,166,6000,2,2,建筑可升级！\n\n恢复速度：5 -> 6,5,,,,,,,,,,,,,3,教堂LV2,,heal,,,1,1,请放入佣兵,请点击佣兵，完成治疗,%mercenary%完全恢复了～,
#144,特级治疗,每秒恢复6点HP,167,15000,3,2,建筑可升级！\n\n恢复栏位：2 -> 3,6,,,,,,,,,,,,,3,教堂LV3,,heal,,,1,1,请放入佣兵,请点击佣兵，完成治疗,%mercenary%完全恢复了～,
#145,特级治疗,每秒恢复6点HP,168,50000,4,3,建筑可升级！\n\n恢复速度：6 -> 7,6,,,,,,,,,,,,,3,教堂LV4,,heal,,,1,1,请放入佣兵,请点击佣兵，完成治疗,%mercenary%完全恢复了～,
#146,特级治疗,每秒恢复7点HP,,,5,3,,7,,,,,,,,,,,,,3,教堂LV5,,heal,,,1,1,请放入佣兵,请点击佣兵，完成治疗,%mercenary%完全恢复了～,
#147,出售,卖出道具,33,600,1,1,建筑可升级！\n\n出售栏位：1 -> 2,1,,40,,,,,,,agile,agile,,,3,出售1,,sell,1,1,,1,请放入佣兵,,,
#148,出售,卖出道具,34,4200,2,2,建筑可升级！\n\n出售速度：1 -> 2,1,,50,,,,,,,agile,agile,,,3,出售2,,sell,1,1,,1,请放入佣兵,,,
#149,出售,卖出道具,35,12000,3,2,建筑可升级！\n\n出售栏位：2 -> 3,2,,120,,,,,,,agile,agile,,,3,出售3,,sell,1,1,,1,请放入佣兵,,,
#150,出售,卖出道具,36,44000,4,3,建筑可升级！\n\n出售速度：2 -> 3,2,,140,,,,,,,agile,agile,,,3,出售4,,sell,1,1,,1,请放入佣兵,,,
#151,出售,卖出道具,,,5,3,,3,,,,,,,,,agile,agile,,,3,出售5,,sell,1,1,,1,请放入佣兵,,,
#,锻造所模板,敲敲敲,,,,3,,0,,100,100,,,,,,agile,,,,,打造,,make,1,1,0,1,放入佣兵，开始打造,获得%item%道具,,
#1001,烤肉店,产出：5金币/秒,,,,3,,,5,300,,1800,3,3,10,240,charm,,,,3,酒馆LV5,,workn,1,,,1,请放入佣兵,,,
#5000,特级招募,招募新佣兵,138,3700,1,1,建筑可升级！\n\n工作力上限：50 -> 105\n当前工位：1 -> 2\n升级后有概率招募到更高品质的佣兵,,,50,8000,,,,,,charm,charm,,,3,佣兵的任务通用奖励,,mercenary,1,,,1,请放入佣兵,,,4:1016:1:1000|4:1017:1:1000|4:3004:1:1000|4:3013:1:1000|4:5015:1:1000|4:5024:1:1000|4:7003:1:1000|4:7004:1:1000|
#5001,特级招募,招募新佣兵,139,12500,2,2,建筑可升级！\n\n工作力上限：105 -> 165\n升级后有概率招募到更高品质的佣兵,,,105,10000,,,,,,charm,charm,,,3,佣兵的任务通用奖励,,mercenary,1,,,1,请放入佣兵,,,4:1016:1:1000|4:1017:1:1000|4:3004:1:1000|4:3013:1:1000|4:5015:1:1000|4:5024:1:1000|4:7003:1:1000|4:7004:1:1000|4:1011:1:1000|4:5007:1:1000|4:7008:1:1000|4:3014:1:1000|
#5002,特级招募,招募新佣兵,140,28000,3,2,建筑可升级！\n\n工作力上限：165 -> 220\n当前工位：2 -> 3\n升级后有概率招募到更高品质的佣兵,,,165,12000,,,,,,charm,charm,,,3,佣兵的任务通用奖励,,mercenary,1,,,1,请放入佣兵,,,4:1016:1:1000|4:1017:1:1000|4:3004:1:1000|4:3013:1:1000|4:5015:1:1000|4:5024:1:1000|4:7003:1:1000|4:7004:1:1000|4:1011:1:1000|4:5007:1:1000|4:7008:1:1000|4:3014:1:1000|4:1010:1:1000|4:3015:1:1000|4:5025:1:1000|4:7018:1:1000|
#5003,特级招募,招募新佣兵,141,71000,4,3,建筑可升级！\n\n工作力上限：220 -> 280\n升级后有概率招募到更高品质的佣兵,,,220,14000,,,,,,charm,charm,,,3,佣兵的任务通用奖励,,mercenary,1,,,1,请放入佣兵,,,4:1016:1:1000|4:1017:1:1000|4:3004:1:1000|4:3013:1:1000|4:5015:1:1000|4:5024:1:1000|4:7003:1:1000|4:7004:1:1000|4:1011:1:1000|4:5007:1:1000|4:7008:1:1000|4:3014:1:1000|4:1010:1:1000|4:3015:1:1000|4:5025:1:1000|4:7018:1:1000|4:1002:1:1000|4:3005:1:1000|
#5004,特级招募,招募新佣兵,,,5,3,,,,280,16000,,,,,,charm,charm,,,3,佣兵的任务通用奖励,,mercenary,1,,,1,请放入佣兵,,,4:1016:1:1000|4:1017:1:1000|4:3004:1:1000|4:3013:1:1000|4:5015:1:1000|4:5024:1:1000|4:7003:1:1000|4:7004:1:1000|4:1011:1:1000|4:5007:1:1000|4:7008:1:1000|4:3014:1:1000|4:1010:1:1000|4:3015:1:1000|4:5025:1:1000|4:7018:1:1000|4:1002:1:1000|4:3005:1:1000|4:5003:1:1000|4:7001:1:1000|
#2000,新版的招募所,召唤指定佣兵,,,,3,,,,30,5400,,,,,,charm,,,,3,佣兵的任务通用奖励,,mercenaryn,1,1,,1,请放入佣兵,,,4:1016:1:1000|4:1017:1:1000|4:3004:1:1000|4:3013:1:1000|4:5015:1:1000|4:5024:1:1000|4:7003:1:1000|4:7004:1:1000|4:1011:1:1000|4:5007:1:1000|4:7008:1:1000|4:3014:1:1000|