#特性列表,,,,,,,,,,,,,,
#编号,特性名称,资源,品质,等级(图标展示）,特长组（同组不可重复学习）,下一级特性,升级概率,点数,生效范围,作用范围,作用类型,作用值(0:value|1:percent),学习消耗,描述
#!id,name,resource,quality,lv,group,next_id,lvup_percent,point,affect,target,type,value,cost_list,desc
#@int,string,string,int,int,int,int,int,int,string,string,string,string,string,string
1,力量Lv1,攻击1,1,1,1,2,2000,7200,all,self,strength,0:2,5:2000:1:10000,自身力量+2
2,力量Lv2,攻击1,1,2,1,3,1000,,all,self,strength,0:4,,自身力量+4
3,力量Lv3,攻击1,1,3,1,4,500,,all,self,strength,0:6,,自身力量+6
4,力量Lv4,攻击1,1,4,1,5,250,,all,self,strength,0:8,,自身力量+8
5,力量Lv5,攻击1,1,5,1,,,,all,self,strength,0:10,,自身力量+10
6,敏捷Lv1,速度1,1,1,6,7,2000,7200,all,self,agile,0:2,5:2001:1:10000,自身敏捷+2
7,敏捷Lv2,速度1,1,2,6,8,1000,,all,self,agile,0:4,,自身敏捷+4
8,敏捷Lv3,速度1,1,3,6,9,500,,all,self,agile,0:6,,自身敏捷+6
9,敏捷Lv4,速度1,1,4,6,10,250,,all,self,agile,0:8,,自身敏捷+8
10,敏捷Lv5,速度1,1,5,6,,,,all,self,agile,0:10,,自身敏捷+10
11,智力Lv1,智慧1,1,1,11,12,2000,7200,all,self,intelligence,0:2,5:2002:1:10000,自身智力+2
12,智力Lv2,智慧1,1,2,11,13,1000,,all,self,intelligence,0:4,,自身智力+4
13,智力Lv3,智慧1,1,3,11,14,500,,all,self,intelligence,0:6,,自身智力+6
14,智力Lv4,智慧1,1,4,11,15,250,,all,self,intelligence,0:8,,自身智力+8
15,智力Lv5,智慧1,1,5,11,,,,all,self,intelligence,0:10,,自身智力+10
16,魅力Lv1,魅力1,1,1,18,17,2000,7200,all,self,charm,0:2,5:2003:1:10000,自身魅力+2
17,魅力Lv2,魅力1,1,2,18,18,1000,,all,self,charm,0:4,,自身魅力+4
18,魅力Lv3,魅力1,1,3,18,19,500,,all,self,charm,0:6,,自身魅力+6
19,魅力Lv4,魅力1,1,4,18,20,250,,all,self,charm,0:8,,自身魅力+8
20,魅力Lv5,魅力1,1,5,18,,,,all,self,charm,0:10,,自身魅力+10
21,杰出力量Lv1,攻击2,2,1,21,22,1000,28800,all,self,strength,0:12,5:2004:1:10000,自身力量+12
22,杰出力量Lv2,攻击2,2,2,21,23,500,,all,self,strength,0:14,,自身力量+14
23,杰出力量Lv3,攻击2,2,3,21,24,250,,all,self,strength,0:16,,自身力量+16
24,杰出力量Lv4,攻击2,2,4,21,25,125,,all,self,strength,0:18,,自身力量+18
25,杰出力量Lv5,攻击2,2,5,21,,,,all,self,strength,0:20,,自身力量+20
26,杰出敏捷Lv1,速度2,2,1,26,26,1000,28800,all,self,agile,0:12,5:2005:1:10000,自身敏捷+12
27,杰出敏捷Lv2,速度2,2,2,26,27,500,,all,self,agile,0:14,,自身敏捷+14
28,杰出敏捷Lv3,速度2,2,3,26,28,250,,all,self,agile,0:16,,自身敏捷+16
29,杰出敏捷Lv4,速度2,2,4,26,29,125,,all,self,agile,0:18,,自身敏捷+18
30,杰出敏捷Lv5,速度2,2,5,26,,,,all,self,agile,0:20,,自身敏捷+20
31,杰出智力Lv1,智慧2,2,1,31,32,1000,28800,all,self,intelligence,0:12,5:2006:1:10000,自身智力+12
32,杰出智力Lv2,智慧2,2,2,31,33,500,,all,self,intelligence,0:14,,自身智力+14
33,杰出智力Lv3,智慧2,2,3,31,34,250,,all,self,intelligence,0:16,,自身智力+16
34,杰出智力Lv4,智慧2,2,4,31,35,125,,all,self,intelligence,0:18,,自身智力+18
35,杰出智力Lv5,智慧2,2,5,31,,,,all,self,intelligence,0:20,,自身智力+20
36,杰出魅力Lv1,魅力2,2,1,36,37,1000,28800,all,self,charm,0:12,5:2007:1:10000,自身魅力+12
37,杰出魅力Lv2,魅力2,2,2,36,38,500,,all,self,charm,0:14,,自身魅力+14
38,杰出魅力Lv3,魅力2,2,3,36,39,250,,all,self,charm,0:16,,自身魅力+16
39,杰出魅力Lv4,魅力2,2,4,36,40,125,,all,self,charm,0:18,,自身魅力+18
40,杰出魅力Lv5,魅力2,2,5,36,,,,all,self,charm,0:20,,自身魅力+20
41,超凡力量Lv1,攻击3,3,1,41,42,500,86400,all,self,strength,0:22,5:2008:1:10000,自身力量+22
42,超凡力量Lv2,攻击3,3,2,41,43,250,,all,self,strength,0:24,,自身力量+24
43,超凡力量Lv3,攻击3,3,3,41,44,125,,all,self,strength,0:26,,自身力量+26
44,超凡力量Lv4,攻击3,3,4,41,45,60,,all,self,strength,0:28,,自身力量+28
45,超凡力量Lv5,攻击3,3,5,41,,,,all,self,strength,0:30,,自身力量+30
46,超凡敏捷Lv1,速度3,3,1,46,47,500,86400,all,self,agile,0:22,5:2009:1:10000,自身敏捷+22
47,超凡敏捷Lv2,速度3,3,2,46,48,250,,all,self,agile,0:24,,自身敏捷+24
48,超凡敏捷Lv3,速度3,3,3,46,49,125,,all,self,agile,0:26,,自身敏捷+26
49,超凡敏捷Lv4,速度3,3,4,46,50,60,,all,self,agile,0:28,,自身敏捷+28
50,超凡敏捷Lv5,速度3,3,5,46,,,,all,self,agile,0:30,,自身敏捷+30
51,超凡智力Lv1,智慧3,3,1,51,52,500,86400,all,self,intelligence,0:22,5:2010:1:10000,自身智力+22
52,超凡智力Lv2,智慧3,3,2,51,53,250,,all,self,intelligence,0:24,,自身智力+24
53,超凡智力Lv3,智慧3,3,3,51,54,125,,all,self,intelligence,0:26,,自身智力+26
54,超凡智力Lv4,智慧3,3,4,51,55,60,,all,self,intelligence,0:28,,自身智力+28
55,超凡智力Lv5,智慧3,3,5,51,,,,all,self,intelligence,0:30,,自身智力+30
56,超凡魅力Lv1,魅力3,3,1,56,57,500,86400,all,self,charm,0:22,5:2011:1:10000,自身魅力+22
57,超凡魅力Lv2,魅力3,3,2,56,58,250,,all,self,charm,0:24,,自身魅力+24
58,超凡魅力Lv3,魅力3,3,3,56,59,125,,all,self,charm,0:26,,自身魅力+26
59,超凡魅力Lv4,魅力3,3,4,56,60,60,,all,self,charm,0:28,,自身魅力+28
60,超凡魅力Lv5,魅力3,3,5,56,,,,all,self,charm,0:30,,自身魅力+30
61,队伍力量Lv1,攻击1,2,1,61,62,1000,28800,all,team,strength,0:4,5:2012:1:10000,队伍成员力量+4
62,队伍力量Lv2,攻击1,2,2,61,63,500,,all,team,strength,0:6,,队伍成员力量+6
63,队伍力量Lv3,攻击1,2,3,61,64,250,,all,team,strength,0:8,,队伍成员力量+8
64,队伍力量Lv4,攻击1,3,4,61,65,125,,all,team,strength,0:10,,队伍成员力量+10
65,队伍力量Lv5,攻击1,3,5,61,,,,all,team,strength,0:12,,队伍成员力量+12
66,队伍敏捷Lv1,速度1,2,1,66,67,1000,28800,all,team,agile,0:4,5:2013:1:10000,队伍成员敏捷+4
67,队伍敏捷Lv2,速度1,2,2,66,68,500,,all,team,agile,0:6,,队伍成员敏捷+6
68,队伍敏捷Lv3,速度1,2,3,66,69,250,,all,team,agile,0:8,,队伍成员敏捷+8
69,队伍敏捷Lv4,速度1,3,4,66,70,125,,all,team,agile,0:10,,队伍成员敏捷+10
70,队伍敏捷Lv5,速度1,3,5,66,,,,all,team,agile,0:12,,队伍成员敏捷+12
71,队伍智力Lv1,智慧1,2,1,71,72,1000,28800,all,team,intelligence,0:4,5:2014:1:10000,队伍成员智力+4
72,队伍智力Lv2,智慧1,2,2,71,73,500,,all,team,intelligence,0:6,,队伍成员智力+6
73,队伍智力Lv3,智慧1,2,3,71,74,250,,all,team,intelligence,0:8,,队伍成员智力+8
74,队伍智力Lv4,智慧1,3,4,71,75,125,,all,team,intelligence,0:10,,队伍成员智力+10
75,队伍智力Lv5,智慧1,3,5,71,,,,all,team,intelligence,0:12,,队伍成员智力+12
76,队伍魅力Lv1,魅力1,2,1,76,77,1000,28800,all,team,charm,0:4,5:2015:1:10000,队伍成员魅力+4
77,队伍魅力Lv2,魅力1,2,2,76,78,500,,all,team,charm,0:6,,队伍成员魅力+6
78,队伍魅力Lv3,魅力1,2,3,76,79,250,,all,team,charm,0:8,,队伍成员魅力+8
79,队伍魅力Lv4,魅力1,3,4,76,80,125,,all,team,charm,0:10,,队伍成员魅力+10
80,队伍魅力Lv5,魅力1,3,5,76,,,,all,team,charm,0:12,,队伍成员魅力+12
81,勤奋Lv 1,勤奋,3,1,64,65,4000,130000,all_building,self,speed_up,1:300,5:2002:1:10000,所有建筑的工作效率提升3%
82,勤奋Lv 2,勤奋,3,2,64,66,2000,,all_building,self,speed_up,1:600,5:2002:1:10000,所有建筑的工作效率提升6%
83,勤奋Lv 3,勤奋,3,3,64,67,1000,,all_building,self,speed_up,1:900,5:2002:1:10000,所有建筑的工作效率提升9%
84,勤奋Lv 4,勤奋,3,4,64,68,500,,all_building,self,speed_up,1:1200,5:2002:1:10000,所有建筑的工作效率提升12%
85,勤奋Lv 5,勤奋,3,5,64,,,,all_building,self,speed_up,1:1500,5:2002:1:10000,所有建筑的工作效率提升15%
86,魅惑Lv 1,魅惑,4,1,69,70,4000,130000,mercenary,self,speed_up,1:500,5:2003:1:10000,招募速度提升5%
87,魅惑Lv 2,魅惑,4,2,69,71,2000,,mercenary,self,speed_up,1:1000,5:2003:1:10000,招募速度提升10%
88,魅惑Lv 3,魅惑,4,3,69,72,1000,,mercenary,self,speed_up,1:1500,5:2003:1:10000,招募速度提升15%
89,魅惑Lv 4,魅惑,4,4,69,73,500,,mercenary,self,speed_up,1:2000,5:2003:1:10000,招募速度提升20%
90,魅惑Lv 5,魅惑,4,5,69,,,,mercenary,self,speed_up,1:2500,5:2003:1:10000,招募速度提升25%
91,学习Lv 1,学习,5,1,74,75,4000,130000,skill,self,speed_up,1:500,5:2004:1:10000,技能的学习速度提升5%
92,学习Lv 2,学习,5,2,74,76,2000,,skill,self,speed_up,1:1000,5:2004:1:10000,技能的学习速度提升10%
93,学习Lv 3,学习,5,3,74,77,1000,,skill,self,speed_up,1:1500,5:2004:1:10000,技能的学习速度提升15%
94,学习Lv 4,学习,5,4,74,78,500,,skill,self,speed_up,1:2000,5:2004:1:10000,技能的学习速度提升20%
95,学习Lv 5,学习,5,5,74,,,,skill,self,speed_up,1:2500,5:2004:1:10000,技能的学习速度提升25%
96,体悟Lv 1,体悟,1,1,79,80,4000,130000,feat,self,speed_up,1:500,5:2000:1:10000,特长的学习速度提升5%
97,体悟Lv 2,体悟,1,2,79,81,2000,,feat,self,speed_up,1:1000,5:2000:1:10000,特长的学习速度提升10%
98,体悟Lv 3,体悟,1,3,79,82,1000,,feat,self,speed_up,1:1500,5:2000:1:10000,特长的学习速度提升15%
99,体悟Lv 4,体悟,1,4,79,83,500,,feat,self,speed_up,1:2000,5:2000:1:10000,特长的学习速度提升20%
100,体悟Lv 5,体悟,1,5,79,,,,feat,self,speed_up,1:2500,5:2000:1:10000,特长的学习速度提升25%
101,聪明Lv 1,聪明,2,1,84,85,4000,130000,all,self,xp,1:500,5:2001:1:10000,战斗胜利后，额外获得5%经验
102,聪明Lv 2,聪明,2,2,84,86,2000,,all,self,xp,1:1000,5:2001:1:10000,战斗胜利后，额外获得10%经验
103,聪明Lv 3,聪明,2,3,84,87,1000,,all,self,xp,1:1500,5:2001:1:10000,战斗胜利后，额外获得15%经验
104,聪明Lv 4,聪明,2,4,84,88,500,,all,self,xp,1:2000,5:2001:1:10000,战斗胜利后，额外获得20%经验
105,聪明Lv 5,聪明,2,5,84,,,,all,self,xp,1:2500,5:2001:1:10000,战斗胜利后，额外获得25%经验
106,天选者Lv 1,天选者,3,1,89,90,1000,260000,all,self,hp_max,1:500,5:2002:1:10000,生命上限增加5%
107,天选者Lv 2,天选者,3,2,89,91,500,,all,self,hp_max,1:1000,5:2002:1:10000,生命上限增加10%
108,天选者Lv 3,天选者,3,3,89,92,250,,all,self,hp_max,1:1500,5:2002:1:10000,生命上限增加15%
109,天选者Lv 4,天选者,3,4,89,93,125,,all,self,hp_max,1:2000,5:2002:1:10000,生命上限增加20%
110,天选者Lv 5,天选者,3,5,89,,,,all,self,hp_max,1:2500,5:2002:1:10000,生命上限增加25%
111,快速回复Lv 1,快速回复,4,1,94,95,1000,260000,heal,self,speed_up,1:500,5:2003:1:10000,教堂中的生命回复速度增加5%
112,快速回复Lv 2,快速回复,4,2,94,96,500,,heal,self,speed_up,1:1000,5:2003:1:10000,教堂中的生命回复速度增加10%
113,快速回复Lv 3,快速回复,4,3,94,97,250,,heal,self,speed_up,1:1500,5:2003:1:10000,教堂中的生命回复速度增加15%
114,快速回复Lv 4,快速回复,4,4,94,98,125,,heal,self,speed_up,1:2000,5:2003:1:10000,教堂中的生命回复速度增加20%
115,快速回复Lv 5,快速回复,4,5,94,,,,heal,self,speed_up,1:2500,5:2003:1:10000,教堂中的生命回复速度增加25%
116,蜥蜴体质Lv 1,蜥蜴体质,5,1,99,100,1000,260000,battle,self,speed_recover,1:100,5:2004:1:10000,战斗中，每回合回复1%生命
117,蜥蜴体质Lv 2,蜥蜴体质,5,2,99,101,500,,battle,self,speed_recover,1:200,5:2004:1:10000,战斗中，每回合回复2%生命
118,蜥蜴体质Lv 3,蜥蜴体质,5,3,99,102,250,,battle,self,speed_recover,1:300,5:2004:1:10000,战斗中，每回合回复3%生命
119,蜥蜴体质Lv 4,蜥蜴体质,5,4,99,103,125,,battle,self,speed_recover,1:400,5:2004:1:10000,战斗中，每回合回复4%生命
120,蜥蜴体质Lv 5,蜥蜴体质,5,5,99,,,,battle,self,speed_recover,1:500,5:2004:1:10000,战斗中，每回合回复5%生命
121,吸血Lv 1,吸血,1,1,104,105,1000,260000,battle,self,drain_hp,1:100,5:2000:1:10000,战斗中，每次攻击敌人都会回复相当于所制造伤害的1%生命值
122,吸血Lv 2,吸血,1,2,104,106,500,,battle,self,drain_hp,1:200,5:2000:1:10000,战斗中，每次攻击敌人都会回复相当于所制造伤害的2%生命值
123,吸血Lv 3,吸血,1,3,104,107,250,,battle,self,drain_hp,1:300,5:2000:1:10000,战斗中，每次攻击敌人都会回复相当于所制造伤害的3%生命值
124,吸血Lv 4,吸血,1,4,104,108,125,,battle,self,drain_hp,1:400,5:2000:1:10000,战斗中，每次攻击敌人都会回复相当于所制造伤害的4%生命值
125,吸血Lv 5,吸血,1,5,104,,,,battle,self,drain_hp,1:500,5:2000:1:10000,战斗中，每次攻击敌人都会回复相当于所制造伤害的5%生命值
126,精力旺盛Lv 1,精力旺盛,2,1,109,110,1000,260000,all,self,quest_energy,1:-1000,5:2001:1:10000,执行任务后，因疲劳造成的生命损耗降低10%
127,精力旺盛Lv 2,精力旺盛,2,2,109,111,500,,all,self,quest_energy,1:-2000,5:2001:1:10000,执行任务后，因疲劳造成的生命损耗降低20%
128,精力旺盛Lv 3,精力旺盛,2,3,109,112,250,,all,self,quest_energy,1:-3000,5:2001:1:10000,执行任务后，因疲劳造成的生命损耗降低30%
129,精力旺盛Lv 4,精力旺盛,2,4,109,113,125,,all,self,quest_energy,1:-4000,5:2001:1:10000,执行任务后，因疲劳造成的生命损耗降低40%
130,精力旺盛Lv 5,精力旺盛,2,5,109,,,,all,self,quest_energy,1:-5000,5:2001:1:10000,执行任务后，因疲劳造成的生命损耗降低50%
131,精确Lv 1,精确,3,1,114,115,1000,260000,battle,self,hit,1:300,5:2002:1:10000,战斗中，自身命中提升3%
132,精确Lv 2,精确,3,2,114,116,500,,battle,self,hit,1:600,5:2002:1:10000,战斗中，自身命中提升6%
133,精确Lv 3,精确,3,3,114,117,250,,battle,self,hit,1:900,5:2002:1:10000,战斗中，自身命中提升9%
134,精确Lv 4,精确,3,4,114,118,125,,battle,self,hit,1:1200,5:2002:1:10000,战斗中，自身命中提升12%
135,精确Lv 5,精确,3,5,114,,,,battle,self,hit,1:1500,5:2002:1:10000,战斗中，自身命中提升15%
136,闪避大师Lv 1,闪避大师,4,1,119,120,1000,260000,battle,self,miss,1:300,5:2003:1:10000,战斗中，自身闪避提升3%
137,闪避大师Lv 2,闪避大师,4,2,119,121,500,,battle,self,miss,1:600,5:2003:1:10000,战斗中，自身闪避提升6%
138,闪避大师Lv 3,闪避大师,4,3,119,122,250,,battle,self,miss,1:900,5:2003:1:10000,战斗中，自身闪避提升9%
139,闪避大师Lv 4,闪避大师,4,4,119,123,125,,battle,self,miss,1:1200,5:2003:1:10000,战斗中，自身闪避提升12%
140,闪避大师Lv 5,闪避大师,4,5,119,,,,battle,self,miss,1:1500,5:2003:1:10000,战斗中，自身闪避提升15%
141,攻击大师Lv 1,攻击大师,5,1,124,125,1000,260000,battle,self,attack,1:300,5:2004:1:10000,战斗中，自身攻击提升3%
142,攻击大师Lv 2,攻击大师,5,2,124,126,500,,battle,self,attack,1:600,5:2004:1:10000,战斗中，自身攻击提升6%
143,攻击大师Lv 3,攻击大师,5,3,124,127,250,,battle,self,attack,1:900,5:2004:1:10000,战斗中，自身攻击提升9%
144,攻击大师Lv 4,攻击大师,5,4,124,128,125,,battle,self,attack,1:1200,5:2004:1:10000,战斗中，自身攻击提升12%
145,攻击大师Lv 5,攻击大师,5,5,124,,,,battle,self,attack,1:1500,5:2004:1:10000,战斗中，自身攻击提升15%
146,防御大师Lv 1,防御大师,1,1,129,130,1000,260000,battle,self,defence,1:300,5:2000:1:10000,战斗中，自身防御提升3%
147,防御大师Lv 2,防御大师,1,2,129,131,500,,battle,self,defence,1:600,5:2000:1:10000,战斗中，自身防御提升6%
148,防御大师Lv 3,防御大师,1,3,129,132,250,,battle,self,defence,1:900,5:2000:1:10000,战斗中，自身防御提升9%
149,防御大师Lv 4,防御大师,1,4,129,133,125,,battle,self,defence,1:1200,5:2000:1:10000,战斗中，自身防御提升12%
150,防御大师Lv 5,防御大师,1,5,129,,,,battle,self,defence,1:1500,5:2000:1:10000,战斗中，自身防御提升15%
151,致命攻击Lv 1,致命攻击,2,1,134,135,1000,260000,battle,self,critical_chance,1:300,5:2001:1:10000,战斗中，自身暴击提升3%
152,致命攻击Lv 2,致命攻击,2,2,134,136,500,,battle,self,critical_chance,1:600,5:2001:1:10000,战斗中，自身暴击提升6%
153,致命攻击Lv 3,致命攻击,2,3,134,137,250,,battle,self,critical_chance,1:900,5:2001:1:10000,战斗中，自身暴击提升9%
154,致命攻击Lv 4,致命攻击,2,4,134,138,125,,battle,self,critical_chance,1:1200,5:2001:1:10000,战斗中，自身暴击提升12%
155,致命攻击Lv 5,致命攻击,2,5,134,,,,battle,self,critical_chance,1:1500,5:2001:1:10000,战斗中，自身暴击提升15%
156,战术大师Lv 1,战术大师,3,1,139,140,1000,260000,battle,self,add_break_value,0:5,5:2002:1:10000,战斗中，普通攻击会额外附带微量崩坏伤害
157,战术大师Lv 2,战术大师,3,2,139,141,500,,battle,self,add_break_value,0:10,5:2002:1:10000,战斗中，普通攻击会额外附带少量崩坏伤害
158,战术大师Lv 3,战术大师,3,3,139,142,250,,battle,self,add_break_value,0:15,5:2002:1:10000,战斗中，普通攻击会额外附带中量崩坏伤害
159,战术大师Lv 4,战术大师,3,4,139,143,125,,battle,self,add_break_value,0:20,5:2002:1:10000,战斗中，普通攻击会额外附带大量崩坏伤害
160,战术大师Lv 5,战术大师,3,5,139,,,,battle,self,add_break_value,0:25,5:2002:1:10000,战斗中，普通攻击会额外附带巨量崩坏伤害
161,残酷攻击Lv 1,残酷攻击,4,1,144,145,500,520000,battle,self,critical_value,1:3000,5:2003:1:10000,战斗中，造成的暴击伤害提高30%
162,残酷攻击Lv 2,残酷攻击,4,2,144,146,250,,battle,self,critical_value,1:6000,5:2003:1:10000,战斗中，造成的暴击伤害提高60%
163,残酷攻击Lv 3,残酷攻击,4,3,144,147,125,,battle,self,critical_value,1:9000,5:2003:1:10000,战斗中，造成的暴击伤害提高90%
164,残酷攻击Lv 4,残酷攻击,4,4,144,148,60,,battle,self,critical_value,1:12000,5:2003:1:10000,战斗中，造成的暴击伤害提高120%
165,残酷攻击Lv 5,残酷攻击,4,5,144,,,,battle,self,critical_value,1:15000,5:2003:1:10000,战斗中，造成的暴击伤害提高150%
166,至高打击Lv 1,至高打击,5,1,149,150,500,520000,battle,self,add_high_value,1:3000,5:2004:1:10000,当敌人进入崩坏时，每次攻击都将额外造成30%的浮空高度
167,至高打击Lv 2,至高打击,5,2,149,151,250,,battle,self,add_high_value,1:6000,5:2004:1:10000,当敌人进入崩坏时，每次攻击都将额外造成60%的浮空高度
168,至高打击Lv 3,至高打击,5,3,149,152,125,,battle,self,add_high_value,1:9000,5:2004:1:10000,当敌人进入崩坏时，每次攻击都将额外造成90%的浮空高度
169,至高打击Lv 4,至高打击,5,4,149,153,60,,battle,self,add_high_value,1:12000,5:2004:1:10000,当敌人进入崩坏时，每次攻击都将额外造成120%的浮空高度
170,至高打击Lv 5,至高打击,5,5,149,,,,battle,self,add_high_value,1:15000,5:2004:1:10000,当敌人进入崩坏时，每次攻击都将额外造成150%的浮空高度
171,战术配合Lv 1,战术配合,1,1,154,155,500,520000,battle,team,speed,1:500,5:2000:1:10000,队伍中，物理职业攻击速度微量提升
172,战术配合Lv 2,战术配合,1,2,154,156,250,,battle,team,speed,1:1000,5:2000:1:10000,队伍中，物理职业攻击速度少量提升
173,战术配合Lv 3,战术配合,1,3,154,157,125,,battle,team,speed,1:1500,5:2000:1:10000,队伍中，物理职业攻击速度中量提升
174,战术配合Lv 4,战术配合,1,4,154,158,60,,battle,team,speed,1:2000,5:2000:1:10000,队伍中，物理职业攻击速度大量提升
175,战术配合Lv 5,战术配合,1,5,154,,,,battle,team,speed,1:2500,5:2000:1:10000,队伍中，物理职业攻击速度巨量提升
176,联合打击Lv 1,鹰眼,2,1,159,160,500,520000,battle,team,critical,1:3000,5:2001:1:10000,队伍中，远程职业造成的暴击伤害提高30%
177,联合打击Lv 2,鹰眼,2,2,159,161,250,,battle,team,critical,1:6000,5:2001:1:10000,队伍中，远程职业造成的暴击伤害提高60%
178,联合打击Lv 3,鹰眼,2,3,159,162,125,,battle,team,critical,1:9000,5:2001:1:10000,队伍中，远程职业造成的暴击伤害提高90%
179,联合打击Lv 4,鹰眼,2,4,159,163,60,,battle,team,critical,1:12000,5:2001:1:10000,队伍中，远程职业造成的暴击伤害提高120%
180,联合打击Lv 5,鹰眼,2,5,159,,,,battle,team,critical,1:15000,5:2001:1:10000,队伍中，远程职业造成的暴击伤害提高150%
181,战机捕捉Lv 1,战机捕捉,3,1,165,165,500,520000,battle,team,add_high_value,1:3000,5:2002:1:10000,队伍中，法系职业造成的浮空高度额外增加30%
182,战机捕捉Lv 2,战机捕捉,3,2,165,166,250,,battle,team,add_high_value,1:6000,5:2002:1:10000,队伍中，法系职业造成的浮空高度额外增加60%
183,战机捕捉Lv 3,战机捕捉,3,3,165,167,125,,battle,team,add_high_value,1:9000,5:2002:1:10000,队伍中，法系职业造成的浮空高度额外增加90%
184,战机捕捉Lv 4,战机捕捉,3,4,165,168,60,,battle,team,add_high_value,1:12000,5:2002:1:10000,队伍中，法系职业造成的浮空高度额外增加120%
185,战机捕捉Lv 5,战机捕捉,3,5,165,,,,battle,team,add_high_value,1:15000,5:2002:1:10000,队伍中，法系职业造成的浮空高度额外增加150%
186,天神下凡Lv 1,天神下凡,4,1,169,170,500,520000,battle,team,attack,1:300,5:2003:1:10000,战斗中，全员攻击提升3%
187,天神下凡Lv 2,天神下凡,4,2,169,171,250,,battle,team,attack,1:600,5:2003:1:10000,战斗中，全员攻击提升6%
188,天神下凡Lv 3,天神下凡,4,3,169,172,125,,battle,team,attack,1:900,5:2003:1:10000,战斗中，全员攻击提升9%
189,天神下凡Lv 4,天神下凡,4,4,169,173,60,,battle,team,attack,1:1200,5:2003:1:10000,战斗中，全员攻击提升12%
190,天神下凡Lv 5,天神下凡,4,5,169,,,,battle,team,attack,1:1500,5:2003:1:10000,战斗中，全员攻击提升15%
191,苦力Lv 1,苦力,5,1,174,175,4000,130000,all_building,self,strength,1:500,5:2004:1:10000,建筑中工作时，力量额外增加5%
192,苦力Lv 2,苦力,5,2,174,176,2000,,all_building,self,strength,1:1000,5:2004:1:10000,建筑中工作时，力量额外增加10%
193,苦力Lv 3,苦力,5,3,174,177,1000,,all_building,self,strength,1:1500,5:2004:1:10000,建筑中工作时，力量额外增加15%
194,苦力Lv 4,苦力,5,4,174,178,500,,all_building,self,strength,1:2000,5:2004:1:10000,建筑中工作时，力量额外增加20%
195,苦力Lv 5,苦力,5,5,174,,,,all_building,self,strength,1:2500,5:2004:1:10000,建筑中工作时，力量额外增加25%
196,勤快Lv 1,勤快,1,1,179,180,4000,130000,all_building,self,agile,1:500,5:2000:1:10000,建筑中工作时，敏捷额外增加5%
197,勤快Lv 2,勤快,1,2,179,181,2000,,all_building,self,agile,1:1000,5:2000:1:10000,建筑中工作时，敏捷额外增加10%
198,勤快Lv 3,勤快,1,3,179,182,1000,,all_building,self,agile,1:1500,5:2000:1:10000,建筑中工作时，敏捷额外增加15%
199,勤快Lv 4,勤快,1,4,179,183,500,,all_building,self,agile,1:2000,5:2000:1:10000,建筑中工作时，敏捷额外增加20%
200,勤快Lv 5,勤快,1,5,179,,,,all_building,self,agile,1:2500,5:2000:1:10000,建筑中工作时，敏捷额外增加25%
201,思考Lv 1,思考,2,1,184,185,4000,130000,all_building,self,intelligence,1:500,5:2001:1:10000,建筑中工作时，智力额外增加5%
202,思考Lv 2,思考,2,2,184,186,2000,,all_building,self,intelligence,1:1000,5:2001:1:10000,建筑中工作时，智力额外增加10%
203,思考Lv 3,思考,2,3,184,187,1000,,all_building,self,intelligence,1:1500,5:2001:1:10000,建筑中工作时，智力额外增加15%
204,思考Lv 4,思考,2,4,184,188,500,,all_building,self,intelligence,1:2000,5:2001:1:10000,建筑中工作时，智力额外增加20%
205,思考Lv 5,思考,2,5,184,,,,all_building,self,intelligence,1:2500,5:2001:1:10000,建筑中工作时，智力额外增加25%
206,殷勤Lv 1,殷勤,3,1,189,190,4000,130000,all_building,self,charm,1:500,5:2002:1:10000,建筑中工作时，魅力额外增加5%
207,殷勤Lv 2,殷勤,3,2,189,191,2000,,all_building,self,charm,1:1000,5:2002:1:10000,建筑中工作时，魅力额外增加10%
208,殷勤Lv 3,殷勤,3,3,189,192,1000,,all_building,self,charm,1:1500,5:2002:1:10000,建筑中工作时，魅力额外增加15%
209,殷勤Lv 4,殷勤,3,4,189,193,500,,all_building,self,charm,1:2000,5:2002:1:10000,建筑中工作时，魅力额外增加20%
210,殷勤Lv 5,殷勤,3,5,189,,,,all_building,self,charm,1:2500,5:2002:1:10000,建筑中工作时，魅力额外增加25%
211,富豪Lv 1,富豪,4,1,194,195,4000,130000,all,self,money,1:500,5:2003:1:10000,所有收获金钱的场合，额外获得5%
212,富豪Lv 2,富豪,4,2,194,196,2000,,all,self,money,1:1000,5:2003:1:10000,所有收获金钱的场合，额外获得10%
213,富豪Lv 3,富豪,4,3,194,197,1000,,all,self,money,1:1500,5:2003:1:10000,所有收获金钱的场合，额外获得15%
214,富豪Lv 4,富豪,4,4,194,198,500,,all,self,money,1:2000,5:2003:1:10000,所有收获金钱的场合，额外获得20%
215,富豪Lv 5,富豪,4,5,194,,,,all,self,money,1:2500,5:2003:1:10000,所有收获金钱的场合，额外获得25%
216,节约Lv 1,节约,5,1,199,200,4000,130000,work,self,money,1:500,5:2004:1:10000,建筑工作收获金钱时，额外获得5%
217,节约Lv 2,节约,5,2,199,201,2000,,work,self,money,1:1000,5:2004:1:10000,建筑工作收获金钱时，额外获得10%
218,节约Lv 3,节约,5,3,199,202,1000,,work,self,money,1:1500,5:2004:1:10000,建筑工作收获金钱时，额外获得15%
219,节约Lv 4,节约,5,4,199,203,500,,work,self,money,1:2000,5:2004:1:10000,建筑工作收获金钱时，额外获得20%
220,节约Lv 5,节约,5,5,199,,,,work,self,money,1:2500,5:2004:1:10000,建筑工作收获金钱时，额外获得25%
221,拾荒Lv 1,拾荒,1,1,204,205,4000,130000,battle,self,money,1:500,5:2000:1:10000,战斗结束收获金钱时，额外获得5%
222,拾荒Lv 2,拾荒,1,2,204,206,2000,,battle,self,money,1:1000,5:2000:1:10000,战斗结束收获金钱时，额外获得10%
223,拾荒Lv 3,拾荒,1,3,204,207,1000,,battle,self,money,1:1500,5:2000:1:10000,战斗结束收获金钱时，额外获得15%
224,拾荒Lv 4,拾荒,1,4,204,208,500,,battle,self,money,1:2000,5:2000:1:10000,战斗结束收获金钱时，额外获得20%
225,拾荒Lv 5,拾荒,1,5,204,,,,battle,self,money,1:2500,5:2000:1:10000,战斗结束收获金钱时，额外获得25%
#210,力量Lv 1,攻击1,1,1,1,2,4000,130000,all,self,strength,0:1,,力量+1
#211,力量Lv 5,攻击1,1,5,1,,,,all,self,strength,0:5,,力量+5
#212,敏捷Lv 1,速度1,1,1,6,7,4000,130000,all,self,agile,0:1,,敏捷+1
#213,敏捷Lv 5,速度1,1,5,6,,,,all,self,agile,0:5,,敏捷+5
#214,智力Lv 1,智慧1,1,1,11,12,4000,130000,all,self,intelligence,0:1,,智力+1
#215,智力Lv 5,智慧1,1,5,11,,,,all,self,intelligence,0:5,,智力+5
#216,魅力Lv 1,魅力1,1,1,18,19,4000,130000,all,self,charm,0:1,,魅力+1
#217,魅力Lv 5,魅力1,1,5,18,,,,all,self,charm,0:5,,魅力+5
#218,力量Lv 2,攻击1,1,2,1,3,2000,,battle,self,strength,0:2,,力量+2
#219,力量Lv 5,攻击1,1,5,1,,,,battle,self,strength,0:5,,力量+5
#220,敏捷Lv 1,速度1,1,1,6,7,4000,130000,battle,self,agile,0:1,,敏捷+1
#221,敏捷Lv 5,速度1,1,5,6,,,,battle,self,agile,0:5,,敏捷+5
#222,智力Lv 1,智慧1,1,1,11,12,4000,130000,battle,self,intelligence,0:1,,智力+1
#223,智力Lv 5,智慧1,1,5,11,,,,battle,self,intelligence,0:5,,智力+5
#224,魅力Lv 1,魅力1,1,1,18,19,4000,130000,battle,self,charm,0:1,,魅力+1
#225,魅力Lv 5,魅力1,1,5,18,,,,battle,self,charm,0:5,,魅力+5
#226,力量Lv 2,攻击1,1,2,1,3,2000,,all_building,self,strength,0:2,,力量+2
#227,力量Lv 5,攻击1,1,5,1,,,,all_building,self,strength,0:5,,力量+5
#228,敏捷Lv 1,速度1,1,1,6,7,4000,130000,all_building,self,agile,0:1,,敏捷+1
#229,敏捷Lv 5,速度1,1,5,6,,,,all_building,self,agile,0:5,,敏捷+5
#230,智力Lv 1,智慧1,1,1,11,12,4000,130000,all_building,self,intelligence,0:1,,智力+1
#231,智力Lv 5,智慧1,1,5,11,,,,all_building,self,intelligence,0:5,,智力+5
#232,魅力Lv 1,魅力1,1,1,18,19,4000,130000,all_building,self,charm,0:1,,魅力+1
#233,魅力Lv 5,魅力1,1,5,18,,,,all_building,self,charm,0:5,,魅力+5
#234,力量Lv 2,攻击1,1,2,1,3,2000,,battle,self,strength,1:02,,力量+2
#235,力量Lv 5,攻击1,1,5,1,,,,battle,self,strength,1:05,,力量+5
#236,敏捷Lv 1,速度1,1,1,6,7,4000,130000,battle,self,agile,1:01,,敏捷+1
#237,敏捷Lv 5,速度1,1,5,6,,,,battle,self,agile,1:05,,敏捷+5
#238,智力Lv 1,智慧1,1,1,11,12,4000,130000,battle,self,intelligence,1:01,,智力+1
#239,智力Lv 5,智慧1,1,5,11,,,,battle,self,intelligence,1:05,,智力+5
#240,魅力Lv 1,魅力1,1,1,18,19,4000,130000,battle,self,charm,1:01,,魅力+1
#241,魅力Lv 5,魅力1,1,5,18,,,,battle,self,charm,1:05,,魅力+5
#242,力量Lv 2,攻击1,1,2,1,3,2000,,all_building,self,strength,1:02,,力量+2
#243,力量Lv 5,攻击1,1,5,1,,,,all_building,self,strength,1:05,,力量+5
#244,敏捷Lv 1,速度1,1,1,6,7,4000,130000,all_building,self,agile,1:01,,敏捷+1
#245,敏捷Lv 5,速度1,1,5,6,,,,all_building,self,agile,1:05,,敏捷+5
#246,智力Lv 1,智慧1,1,1,11,12,4000,130000,all_building,self,intelligence,1:01,,智力+1
#247,智力Lv 5,智慧1,1,5,11,,,,all_building,self,intelligence,1:05,,智力+5
#248,魅力Lv 1,魅力1,1,1,18,19,4000,130000,all_building,self,charm,1:01,,魅力+1
#249,魅力Lv 5,魅力1,1,5,18,,,,all_building,self,charm,1:05,,魅力+5
#250,力量Lv 2,攻击1,1,2,1,3,2000,,battle,team,strength,0:2,,力量+2
#251,力量Lv 5,攻击1,1,5,1,,,,battle,team,strength,0:5,,力量+5
#252,敏捷Lv 1,速度1,1,1,6,7,4000,130000,battle,team,agile,0:1,,敏捷+1
#253,敏捷Lv 5,速度1,1,5,6,,,,battle,team,agile,0:5,,敏捷+5
#254,智力Lv 1,智慧1,1,1,11,12,4000,130000,battle,team,intelligence,0:1,,智力+1
#255,智力Lv 5,智慧1,1,5,11,,,,battle,team,intelligence,0:5,,智力+5
#256,魅力Lv 1,魅力1,1,1,18,19,4000,130000,battle,team,charm,0:1,,魅力+1
#257,魅力Lv 5,魅力1,1,5,18,,,,battle,team,charm,0:5,,魅力+5
#258,力量Lv 2,攻击1,1,2,1,3,2000,,all_building,team,strength,0:2,,力量+2
#259,力量Lv 5,攻击1,1,5,1,,,,all_building,team,strength,0:5,,力量+5
#260,敏捷Lv 1,速度1,1,1,6,7,4000,130000,all_building,team,agile,0:1,,敏捷+1
#261,敏捷Lv 5,速度1,1,5,6,,,,all_building,team,agile,0:5,,敏捷+5
#262,智力Lv 1,智慧1,1,1,11,12,4000,130000,all_building,team,intelligence,0:1,,智力+1
#263,智力Lv 5,智慧1,1,5,11,,,,all_building,team,intelligence,0:5,,智力+5
#264,魅力Lv 1,魅力1,1,1,18,19,4000,130000,all_building,team,charm,0:1,,魅力+1
#265,魅力Lv 5,魅力1,1,5,18,,,,all_building,team,charm,0:5,,魅力+5
#266,力量Lv 2,攻击1,1,2,1,3,2000,,battle,team,strength,1:02,,
#267,力量Lv 5,攻击1,1,5,1,,,,battle,team,strength,1:05,,
#268,敏捷Lv 1,速度1,1,1,6,7,4000,130000,battle,team,agile,1:01,,
#269,敏捷Lv 5,速度1,1,5,6,,,,battle,team,agile,1:05,,
#270,智力Lv 1,智慧1,1,1,11,12,4000,130000,battle,team,intelligence,1:01,,
#271,智力Lv 5,智慧1,1,5,11,,,,battle,team,intelligence,1:05,,
#272,魅力Lv 1,魅力1,1,1,18,19,4000,130000,battle,team,charm,1:01,,
#273,魅力Lv 5,魅力1,1,5,18,,,,battle,team,charm,1:05,,
#274,力量Lv 2,攻击1,1,2,1,3,2000,,all_building,team,strength,1:02,,
#275,力量Lv 5,攻击1,1,5,1,,,,all_building,team,strength,1:05,,
#276,敏捷Lv 1,速度1,1,1,6,7,4000,130000,all_building,team,agile,1:01,,
#277,敏捷Lv 5,速度1,1,5,6,,,,all_building,team,agile,1:05,,
#278,智力Lv 1,智慧1,1,1,11,12,4000,130000,all_building,team,intelligence,1:01,,
#279,智力Lv 5,智慧1,1,5,11,,,,all_building,team,intelligence,1:05,,
#280,魅力Lv 1,魅力1,1,1,18,19,4000,130000,all_building,team,charm,1:01,,
#281,魅力Lv 5,魅力1,1,5,18,,,,all_building,team,charm,1:05,,
#282,精确Lv 1,精确,3,1,114,115,1000,260000,battle,self,hit,1:300,,战斗中，自身命中提升3%
#283,闪避大师Lv 1,闪避大师,4,1,119,120,1000,260000,battle,self,miss,1:300,,战斗中，自身闪避提升3%
#284,攻击大师Lv 1,攻击大师,5,1,124,125,1000,260000,battle,self,attack,1:300,,战斗中，自身攻击提升3%
#285,防御大师Lv 1,防御大师,1,1,129,130,1000,260000,battle,self,defence,1:300,,战斗中，自身防御提升3%
#286,致命攻击Lv 1,致命攻击,2,1,134,135,1000,260000,battle,self,critical_chance,1:300,,战斗中，自身暴击率提升3%
#287,残酷攻击Lv 1,残酷攻击,4,1,144,145,500,520000,battle,self,critical_value,1:3000,,战斗中，造成的暴击伤害提高30%
#288,战术大师Lv 1,战术大师,3,1,139,140,1000,260000,battle,self,add_break_value,0:5,,战斗中，普通攻击会额外附带微量崩坏伤害
##289,至高打击Lv 1,至高打击,5,1,149,150,500,520000,battle,self,add_high_value,1:3000,5:30002:1:10000,当敌人进入崩坏时，每次攻击都将额外造成30%的浮空高度